input_end_date,predict_for_date,last_close,actual_next_close,predicted_next_close,predicted_change,predicted_change_pct,model_name,window_size,checkpoint
2025-04-29,2025-05-05,92.08,91.41,92.00343322753906,-0.0765667724609358,-0.08315244619997371,transformer,3,best_transformer_w3.pt
2025-05-05,2025-05-06,91.41,92.34,91.28025817871094,-0.1297418212890591,-0.1419339473679675,transformer,3,best_transformer_w3.pt
2025-05-06,2025-05-07,92.34,92.34,92.24832153320312,-0.09167846679687841,-0.09928358977353087,transformer,3,best_transformer_w3.pt
2025-05-07,2025-05-08,92.34,96.21,92.28042602539062,-0.05957397460937841,-0.06451589193131732,transformer,3,best_transformer_w3.pt
2025-05-08,2025-05-09,96.21,97.64,96.00839233398438,-0.20160766601561875,-0.20954959569235918,transformer,3,best_transformer_w3.pt
2025-05-09,2025-05-12,97.64,99.58,97.50276184082031,-0.13723815917968807,-0.14055526339582963,transformer,3,best_transformer_w3.pt
2025-05-12,2025-05-13,99.58,100.59,99.49369812011719,-0.0863018798828108,-0.0866658765643812,transformer,3,best_transformer_w3.pt
2025-05-13,2025-05-14,100.59,106.31,100.5093765258789,-0.08062347412109716,-0.08015058566566971,transformer,3,best_transformer_w3.pt
2025-05-14,2025-05-15,106.31,105.22,106.26309204101562,-0.046907958984377274,-0.04412375033804654,transformer,3,best_transformer_w3.pt
2025-05-15,2025-05-16,105.22,101.85,105.16584014892578,-0.05415985107421761,-0.05147296243510512,transformer,3,best_transformer_w3.pt
2025-05-16,2025-05-19,101.85,99.49,101.76998901367188,-0.08001098632811932,-0.07855766944341612,transformer,3,best_transformer_w3.pt
2025-05-19,2025-05-20,99.49,100.33,99.40995788574219,-0.08004211425780738,-0.08045242160800822,transformer,3,best_transformer_w3.pt
2025-05-20,2025-05-21,100.33,99.58,100.27793884277344,-0.052061157226560795,-0.051889920488947264,transformer,3,best_transformer_w3.pt
2025-05-21,2025-05-22,99.58,98.31,99.523193359375,-0.056806640624998295,-0.05704623481120536,transformer,3,best_transformer_w3.pt
2025-05-22,2025-05-23,98.31,98.57,98.23146057128906,-0.07853942871093977,-0.07988956231404717,transformer,3,best_transformer_w3.pt
2025-05-23,2025-05-26,98.57,98.73,98.50881958007812,-0.06118041992186818,-0.06206799221047802,transformer,3,best_transformer_w3.pt
2025-05-26,2025-05-27,98.73,100.16,98.67762756347656,-0.05237243652344148,-0.05304612227635114,transformer,3,best_transformer_w3.pt
2025-05-27,2025-05-28,100.16,99.66,100.07746887207031,-0.08253112792968409,-0.08239928906717661,transformer,3,best_transformer_w3.pt
2025-05-28,2025-05-29,99.66,98.57,99.59130096435547,-0.06869903564452784,-0.06893340923593,transformer,3,best_transformer_w3.pt
2025-05-29,2025-05-30,98.57,98.06,98.49620056152344,-0.07379943847655568,-0.07487008062955837,transformer,3,best_transformer_w3.pt
2025-05-30,2025-06-02,98.06,97.72,97.96810150146484,-0.09189849853515852,-0.09371660058653734,transformer,3,best_transformer_w3.pt
2025-06-02,2025-06-03,97.72,98.82,97.64639282226562,-0.07360717773437386,-0.0753245781154051,transformer,3,best_transformer_w3.pt
2025-06-03,2025-06-04,98.82,98.57,98.74630737304688,-0.07369262695311818,-0.07457258343768285,transformer,3,best_transformer_w3.pt
2025-06-04,2025-06-05,98.57,98.31,98.49520874023438,-0.07479125976561818,-0.07587629072295647,transformer,3,best_transformer_w3.pt
2025-06-05,2025-06-06,98.31,96.8,98.22593688964844,-0.08406311035156477,-0.08550819891319782,transformer,3,best_transformer_w3.pt
2025-06-06,2025-06-09,96.8,97.81,96.67237854003906,-0.12762145996093466,-0.13184035119931267,transformer,3,best_transformer_w3.pt
2025-06-09,2025-06-10,97.81,97.39,97.74114990234375,-0.06885009765625227,-0.07039167534633706,transformer,3,best_transformer_w3.pt
2025-06-10,2025-06-11,97.39,99.24,97.3058853149414,-0.08411468505859432,-0.08636891370632953,transformer,3,best_transformer_w3.pt
2025-06-11,2025-06-12,99.24,99.33,99.14169311523438,-0.09830688476561988,-0.09905973878035057,transformer,3,best_transformer_w3.pt
2025-06-12,2025-06-13,99.33,97.97,99.24642944335938,-0.0835705566406233,-0.08413425615687435,transformer,3,best_transformer_w3.pt
2025-06-13,2025-06-16,97.97,101.02,97.86457824707031,-0.10542175292968636,-0.10760615793578275,transformer,3,best_transformer_w3.pt
2025-06-16,2025-06-17,101.02,100.85,100.95542907714844,-0.06457092285155852,-0.06391894956598547,transformer,3,best_transformer_w3.pt
2025-06-17,2025-06-18,100.85,99.33,100.77989959716797,-0.07010040283202557,-0.06950957147449238,transformer,3,best_transformer_w3.pt
2025-06-18,2025-06-19,99.33,98.48,99.2412109375,-0.0887890624999983,-0.08938796184435548,transformer,3,best_transformer_w3.pt
2025-06-19,2025-06-20,98.48,98.56,98.39248657226562,-0.08751342773437898,-0.08886416301216386,transformer,3,best_transformer_w3.pt
2025-06-20,2025-06-23,98.56,98.39,98.48274230957031,-0.07725769042968977,-0.07838645538726641,transformer,3,best_transformer_w3.pt
2025-06-23,2025-06-24,98.39,98.9,98.31562042236328,-0.07437957763671932,-0.07559668425319577,transformer,3,best_transformer_w3.pt
2025-06-24,2025-06-25,98.9,99.41,98.80938720703125,-0.09061279296875568,-0.09162061978640615,transformer,3,best_transformer_w3.pt
2025-06-25,2025-06-26,99.41,99.33,99.31768035888672,-0.09231964111327784,-0.09286755971559989,transformer,3,best_transformer_w3.pt
2025-06-26,2025-06-27,99.33,99.58,99.2575912475586,-0.07240875244140454,-0.07289716343642862,transformer,3,best_transformer_w3.pt
2025-06-27,2025-06-30,99.58,100.34,99.49011993408203,-0.08988006591796704,-0.09025915436630554,transformer,3,best_transformer_w3.pt
2025-06-30,2025-07-01,100.34,100.85,100.23579406738281,-0.10420593261719091,-0.10385283298504178,transformer,3,best_transformer_w3.pt
2025-07-01,2025-07-02,100.85,100.68,100.77796936035156,-0.07203063964843182,-0.07142353956215351,transformer,3,best_transformer_w3.pt
2025-07-02,2025-07-03,100.68,100.17,100.60186767578125,-0.07813232421875682,-0.07760461285136751,transformer,3,best_transformer_w3.pt
2025-07-03,2025-07-04,100.17,103.99,100.05966186523438,-0.1103381347656267,-0.11015087827256334,transformer,3,best_transformer_w3.pt
2025-07-04,2025-07-07,103.99,105.1,103.78627014160156,-0.20372985839843238,-0.19591293239583843,transformer,3,best_transformer_w3.pt
2025-07-07,2025-07-08,105.1,105.69,105.00120544433594,-0.09879455566405682,-0.09400052870033951,transformer,3,best_transformer_w3.pt
2025-07-08,2025-07-09,105.69,104.25,105.56452178955078,-0.12547821044921648,-0.11872287865381444,transformer,3,best_transformer_w3.pt
2025-07-09,2025-07-10,104.25,105.18,104.08451080322266,-0.16548919677734375,-0.15874263479841128,transformer,3,best_transformer_w3.pt
2025-07-10,2025-07-11,105.18,107.48,105.10111999511719,-0.07888000488281932,-0.07499525088687899,transformer,3,best_transformer_w3.pt
2025-07-11,2025-07-14,107.48,107.9,107.34061431884766,-0.13938568115234773,-0.1296852262303198,transformer,3,best_transformer_w3.pt
2025-07-14,2025-07-15,107.9,106.97,107.83065795898438,-0.06934204101563068,-0.06426509825359655,transformer,3,best_transformer_w3.pt
2025-07-15,2025-07-16,106.97,107.22,106.87289428710938,-0.09710571289062386,-0.09077845460467783,transformer,3,best_transformer_w3.pt
2025-07-16,2025-07-17,107.22,107.82,107.15544128417969,-0.06455871582031136,-0.06021144918887462,transformer,3,best_transformer_w3.pt
2025-07-17,2025-07-18,107.82,106.97,107.72023010253906,-0.09976989746093068,-0.09253375761540594,transformer,3,best_transformer_w3.pt
2025-07-18,2025-07-21,106.97,107.68,106.88558197021484,-0.08441802978515511,-0.07891748133603357,transformer,3,best_transformer_w3.pt
2025-07-21,2025-07-22,107.68,109.44,107.60023498535156,-0.07976501464844432,-0.07407597942834725,transformer,3,best_transformer_w3.pt
2025-07-22,2025-07-23,109.44,109.14,109.41484069824219,-0.025159301757810226,-0.02298912806817455,transformer,3,best_transformer_w3.pt
2025-07-23,2025-07-24,109.14,108.46,109.07952880859375,-0.06047119140625057,-0.05540699230919056,transformer,3,best_transformer_w3.pt
2025-07-24,2025-07-25,108.46,108.07,108.36485290527344,-0.09514709472655625,-0.08772551606726559,transformer,3,best_transformer_w3.pt
2025-07-25,2025-07-28,108.07,108.66,107.98942565917969,-0.08057434082030568,-0.07455754679402765,transformer,3,best_transformer_w3.pt
2025-07-28,2025-07-29,108.66,103.48,108.5556869506836,-0.10431304931640284,-0.09599949320486181,transformer,3,best_transformer_w3.pt
2025-07-29,2025-07-30,103.48,103.58,103.18132019042969,-0.2986798095703165,-0.2886353010923043,transformer,3,best_transformer_w3.pt
2025-07-30,2025-07-31,103.58,101.53,103.44998931884766,-0.13001068115234204,-0.12551716658847464,transformer,3,best_transformer_w3.pt
2025-07-31,2025-08-01,101.53,104.46,101.37842559814453,-0.1515744018554699,-0.1492902608642469,transformer,3,best_transformer_w3.pt
2025-08-01,2025-08-04,104.46,104.07,104.43173217773438,-0.028267822265618747,-0.027060905864080748,transformer,3,best_transformer_w3.pt
2025-08-04,2025-08-05,104.07,103.29,104.01776123046875,-0.05223876953124318,-0.05019580045281367,transformer,3,best_transformer_w3.pt
2025-08-05,2025-08-06,103.29,102.41,103.13114929199219,-0.15885070800781875,-0.15379098461401755,transformer,3,best_transformer_w3.pt
2025-08-06,2025-08-07,102.41,103.68,102.22625732421875,-0.1837426757812466,-0.1794186854616215,transformer,3,best_transformer_w3.pt
2025-08-07,2025-08-08,103.68,103.09,103.63117980957031,-0.04882019042969432,-0.047087375028640355,transformer,3,best_transformer_w3.pt
2025-08-08,2025-08-11,103.09,103.87,103.02440643310547,-0.06559356689453466,-0.06362747782960002,transformer,3,best_transformer_w3.pt
2025-08-11,2025-08-12,103.87,104.95,103.8193359375,-0.05066406250000455,-0.04877641523058106,transformer,3,best_transformer_w3.pt
2025-08-12,2025-08-13,104.95,102.6,104.86212921142578,-0.08787078857422159,-0.08372633499211204,transformer,3,best_transformer_w3.pt
2025-08-13,2025-08-14,102.6,101.33,102.21839904785156,-0.3816009521484318,-0.3719307525813176,transformer,3,best_transformer_w3.pt
2025-08-14,2025-08-15,101.33,98.99,101.10478210449219,-0.2252178955078108,-0.22226181338972745,transformer,3,best_transformer_w3.pt
2025-08-15,2025-08-18,98.99,98.11,98.89813995361328,-0.09186004638671363,-0.09279729910770142,transformer,3,best_transformer_w3.pt
2025-08-18,2025-08-19,98.11,97.92,98.03070068359375,-0.07929931640624943,-0.08082694567959375,transformer,3,best_transformer_w3.pt
2025-08-19,2025-08-20,97.92,95.38,97.76106262207031,-0.1589373779296892,-0.16231349870270548,transformer,3,best_transformer_w3.pt
2025-08-20,2025-08-21,95.38,99.28,95.04248046875,-0.33751953124999545,-0.3538682441287434,transformer,3,best_transformer_w3.pt
2025-08-21,2025-08-22,99.28,96.65,99.13343811035156,-0.14656188964843864,-0.14762478812292368,transformer,3,best_transformer_w3.pt
2025-08-22,2025-08-25,96.65,96.45,96.46852111816406,-0.18147888183594318,-0.18776914830413158,transformer,3,best_transformer_w3.pt
2025-08-25,2025-08-26,96.45,97.62,96.36133575439453,-0.08866424560547159,-0.0919276781808933,transformer,3,best_transformer_w3.pt
2025-08-26,2025-08-27,97.62,102.51,97.57308959960938,-0.04691040039062955,-0.04805408767735049,transformer,3,best_transformer_w3.pt
2025-08-27,2025-08-28,102.51,102.02,102.079345703125,-0.4306542968750051,-0.42010954723929866,transformer,3,best_transformer_w3.pt
2025-08-28,2025-08-29,102.02,99.19,101.7679443359375,-0.252055664062496,-0.24706495203146053,transformer,3,best_transformer_w3.pt
2025-08-29,2025-09-03,99.19,100.75,98.91275787353516,-0.2772421264648415,-0.27950612608613923,transformer,3,best_transformer_w3.pt
2025-09-03,2025-09-04,100.75,102.51,100.67402648925781,-0.0759735107421875,-0.07540795110887097,transformer,3,best_transformer_w3.pt
2025-09-04,2025-09-05,102.51,100.94,102.44072723388672,-0.06927276611328637,-0.06757659361358537,transformer,3,best_transformer_w3.pt
2025-09-05,2025-09-08,100.94,99.48,100.8694839477539,-0.07051605224609148,-0.06985937412927629,transformer,3,best_transformer_w3.pt
2025-09-08,2025-09-09,99.48,99.67,99.38195037841797,-0.09804962158203523,-0.09856214473465544,transformer,3,best_transformer_w3.pt
2025-09-09,2025-09-10,99.67,98.8,99.61439514160156,-0.055604858398439205,-0.05578896197294994,transformer,3,best_transformer_w3.pt
2025-09-10,2025-09-11,98.8,99.58,98.71047973632812,-0.08952026367187216,-0.09060755432375725,transformer,3,best_transformer_w3.pt
2025-09-11,2025-09-12,99.58,99.19,99.49980163574219,-0.0801983642578108,-0.08053661805363607,transformer,3,best_transformer_w3.pt
2025-09-12,2025-09-15,99.19,99.48,99.09947204589844,-0.09052795410156023,-0.09126721857199338,transformer,3,best_transformer_w3.pt
2025-09-15,2025-09-16,99.48,101.04,99.26130676269531,-0.21869323730469148,-0.21983638651456722,transformer,3,best_transformer_w3.pt
2025-09-16,2025-09-17,101.04,102.99,100.80642700195312,-0.23357299804688125,-0.23116884208915406,transformer,3,best_transformer_w3.pt
2025-09-17,2025-09-18,102.99,100.55,102.85736846923828,-0.13263153076171363,-0.1287809794753992,transformer,3,best_transformer_w3.pt
2025-09-18,2025-09-19,100.55,100.55,100.42000579833984,-0.1299942016601534,-0.12928314436613964,transformer,3,best_transformer_w3.pt
2025-09-19,2025-09-22,100.55,97.33,100.1688232421875,-0.38117675781249716,-0.37909175317006183,transformer,3,best_transformer_w3.pt
2025-09-22,2025-09-23,97.33,95.67,97.00477600097656,-0.3252239990234358,-0.334145688917534,transformer,3,best_transformer_w3.pt
2025-09-23,2025-09-24,95.67,97.14,95.51789855957031,-0.1521014404296892,-0.15898551314904275,transformer,3,best_transformer_w3.pt
2025-09-24,2025-09-25,97.14,95.67,97.02808380126953,-0.11191619873046932,-0.1152112402001949,transformer,3,best_transformer_w3.pt
2025-09-25,2025-09-26,95.67,95.18,95.4328384399414,-0.23716156005859546,-0.24789543227615288,transformer,3,best_transformer_w3.pt
2025-09-26,2025-09-29,95.18,93.23,95.09526062011719,-0.08473937988281932,-0.08903065757808291,transformer,3,best_transformer_w3.pt
2025-09-29,2025-09-30,93.23,90.79,93.11873626708984,-0.11126373291016023,-0.11934327245539014,transformer,3,best_transformer_w3.pt
2025-09-30,2025-10-01,90.79,91.18,90.67010498046875,-0.11989501953125625,-0.13205751683143105,transformer,3,best_transformer_w3.pt
2025-10-01,2025-10-02,91.18,89.91,91.1405029296875,-0.03949707031250682,-0.04331769062569294,transformer,3,best_transformer_w3.pt
2025-10-02,2025-10-03,89.91,91.18,89.79906463623047,-0.11093536376952784,-0.12338490019967506,transformer,3,best_transformer_w3.pt
2025-10-03,2025-10-06,91.18,93.23,91.107177734375,-0.07282226562500682,-0.07986649004716694,transformer,3,best_transformer_w3.pt
2025-10-06,2025-10-07,93.23,93.23,93.1802749633789,-0.04972503662109773,-0.053335875384637695,transformer,3,best_transformer_w3.pt
2025-10-07,2025-10-08,93.23,92.25,93.14532470703125,-0.08467529296875398,-0.09082408341601843,transformer,3,best_transformer_w3.pt
2025-10-08,2025-10-09,92.25,91.96,92.1837158203125,-0.0662841796875,-0.07185276930894309,transformer,3,best_transformer_w3.pt
2025-10-09,2025-10-10,91.96,93.82,91.8726806640625,-0.08731933593749375,-0.09495360584764435,transformer,3,best_transformer_w3.pt
2025-10-10,2025-10-13,93.82,91.77,93.72015380859375,-0.09984619140624318,-0.10642314155429886,transformer,3,best_transformer_w3.pt
2025-10-13,2025-10-14,91.77,90.2,91.6604995727539,-0.10950042724608977,-0.11932050479033429,transformer,3,best_transformer_w3.pt
2025-10-14,2025-10-15,90.2,87.47,90.03216552734375,-0.16783447265625284,-0.18606926015105635,transformer,3,best_transformer_w3.pt
2025-10-15,2025-10-16,87.47,87.67,87.17611694335938,-0.29388305664062386,-0.3359815441186965,transformer,3,best_transformer_w3.pt
2025-10-16,2025-10-17,87.67,86.01,87.53353118896484,-0.13646881103515796,-0.1556619265828196,transformer,3,best_transformer_w3.pt
2025-10-17,2025-10-20,86.01,84.93,85.79736328125,-0.21263671875000512,-0.24722325165679004,transformer,3,best_transformer_w3.pt
2025-10-20,2025-10-21,84.93,90.79,84.74144744873047,-0.18855255126953807,-0.22200936214475223,transformer,3,best_transformer_w3.pt
2025-10-21,2025-10-22,90.79,94.7,90.55072021484375,-0.23927978515625625,-0.2635530181256264,transformer,3,best_transformer_w3.pt
2025-10-22,2025-10-23,94.7,92.74,94.6114730834961,-0.08852691650390909,-0.09348143242229048,transformer,3,best_transformer_w3.pt
2025-10-23,2025-10-24,92.74,95.38,92.5855712890625,-0.15442871093749488,-0.16651791129770854,transformer,3,best_transformer_w3.pt
2025-10-24,2025-10-27,95.38,95.67,95.1480712890625,-0.23192871093749545,-0.243162833861916,transformer,3,best_transformer_w3.pt
2025-10-27,2025-10-28,95.67,99.77,95.52750396728516,-0.14249603271484546,-0.1489453671107405,transformer,3,best_transformer_w3.pt
2025-10-28,2025-10-29,99.77,99.28,99.5481948852539,-0.22180511474608977,-0.22231644256398694,transformer,3,best_transformer_w3.pt
2025-10-29,2025-10-30,99.28,100.26,99.11630249023438,-0.16369750976562614,-0.16488467945772173,transformer,3,best_transformer_w3.pt
2025-10-30,2025-10-31,100.26,101.43,100.00980377197266,-0.25019622802734887,-0.24954740477493403,transformer,3,best_transformer_w3.pt
2025-10-31,2025-11-03,101.43,102.51,101.27841186523438,-0.15158813476563182,-0.14945098567054305,transformer,3,best_transformer_w3.pt
2025-11-03,2025-11-04,102.51,100.85,102.22247314453125,-0.2875268554687551,-0.28048664078505037,transformer,3,best_transformer_w3.pt
2025-11-04,2025-11-05,100.85,98.5,100.7271957397461,-0.12280426025390057,-0.12176922186802239,transformer,3,best_transformer_w3.pt
2025-11-05,2025-11-06,98.5,97.82,98.28685760498047,-0.21314239501953125,-0.21638821829394034,transformer,3,best_transformer_w3.pt
2025-11-06,2025-11-07,97.82,98.6,97.76557922363281,-0.05442077636718068,-0.05563358859863083,transformer,3,best_transformer_w3.pt
2025-11-07,2025-11-10,98.6,93.91,98.51860046386719,-0.08139953613280682,-0.0825553104795201,transformer,3,best_transformer_w3.pt
2025-11-10,2025-11-11,93.91,93.82,93.79450988769531,-0.11549011230468409,-0.12297956799561718,transformer,3,best_transformer_w3.pt
2025-11-11,2025-11-12,93.82,98.21,93.73208618164062,-0.08791381835936818,-0.09370477335255616,transformer,3,best_transformer_w3.pt
2025-11-12,2025-11-13,98.21,96.55,98.19319152832031,-0.016808471679681247,-0.017114827084493685,transformer,3,best_transformer_w3.pt
2025-11-13,2025-11-14,96.55,97.62,96.48702239990234,-0.06297760009765341,-0.06522796488622828,transformer,3,best_transformer_w3.pt
2025-11-14,2025-11-17,97.62,98.6,97.57041931152344,-0.04958068847656705,-0.050789478054258395,transformer,3,best_transformer_w3.pt
2025-11-17,2025-11-18,98.6,97.62,98.51010131835938,-0.08989868164061932,-0.0911751335097559,transformer,3,best_transformer_w3.pt
2025-11-18,2025-11-19,97.62,95.67,97.53447723388672,-0.0855227661132858,-0.08760783252743884,transformer,3,best_transformer_w3.pt
2025-11-19,2025-11-20,95.67,96.65,95.58894348144531,-0.0810565185546892,-0.08472511608099635,transformer,3,best_transformer_w3.pt
2025-11-20,2025-11-21,96.65,98.4,96.58232879638672,-0.06767120361328693,-0.07001676524913288,transformer,3,best_transformer_w3.pt
2025-11-21,2025-11-24,98.4,97.82,98.31912231445312,-0.08087768554688068,-0.08219276986471613,transformer,3,best_transformer_w3.pt
2025-11-24,2025-11-25,97.82,97.33,97.74125671386719,-0.07874328613280568,-0.08049814570926772,transformer,3,best_transformer_w3.pt
2025-11-25,2025-11-26,97.33,96.65,97.24813842773438,-0.0818615722656233,-0.08410723545219695,transformer,3,best_transformer_w3.pt
2025-11-26,2025-11-27,96.65,97.14,96.54824829101562,-0.10175170898438068,-0.10527854007695879,transformer,3,best_transformer_w3.pt
2025-11-27,2025-11-28,97.14,94.79,97.07164001464844,-0.06835998535156307,-0.07037264293963667,transformer,3,best_transformer_w3.pt
2025-11-28,2025-12-01,94.79,95.29,94.69747924804688,-0.09252075195313125,-0.09760602590265982,transformer,3,best_transformer_w3.pt
2025-12-01,2025-12-02,95.29,95.29,95.22952270507812,-0.06047729492188125,-0.06346657038711433,transformer,3,best_transformer_w3.pt
2025-12-02,2025-12-03,95.29,95.29,95.19470977783203,-0.095290222167975,-0.10000023314930737,transformer,3,best_transformer_w3.pt
2025-12-03,2025-12-04,95.29,96.17,95.16840362548828,-0.121596374511725,-0.1276066476143614,transformer,3,best_transformer_w3.pt
2025-12-04,2025-12-05,96.17,94.89,96.08092498779297,-0.08907501220703296,-0.09262245212335755,transformer,3,best_transformer_w3.pt
2025-12-05,2025-12-08,94.89,94.2,94.81495666503906,-0.07504333496093807,-0.07908455576028883,transformer,3,best_transformer_w3.pt
2025-12-08,2025-12-09,94.2,95.58,94.11643981933594,-0.08356018066406534,-0.08870507501493136,transformer,3,best_transformer_w3.pt
2025-12-09,2025-12-10,95.58,94.3,95.44041442871094,-0.1395855712890608,-0.14604056422793554,transformer,3,best_transformer_w3.pt
2025-12-10,2025-12-11,94.3,94.69,94.21526336669922,-0.08473663330077841,-0.08985857189902272,transformer,3,best_transformer_w3.pt
2025-12-11,2025-12-12,94.69,92.43,94.56319427490234,-0.12680572509765398,-0.13391670197238778,transformer,3,best_transformer_w3.pt
2025-12-12,2025-12-15,92.43,92.52,92.34282684326172,-0.08717315673828807,-0.09431262224200808,transformer,3,best_transformer_w3.pt
2025-12-15,2025-12-16,92.52,93.61,92.44413757324219,-0.07586242675780852,-0.08199570553156996,transformer,3,best_transformer_w3.pt
2025-12-16,2025-12-17,93.61,94.6,93.54182434082031,-0.06817565917968693,-0.07282946178793603,transformer,3,best_transformer_w3.pt
2025-12-17,2025-12-18,94.6,93.12,94.52932739257812,-0.07067260742186932,-0.07470677317322338,transformer,3,best_transformer_w3.pt
2025-12-18,2025-12-19,93.12,92.62,93.04659271240234,-0.0734072875976608,-0.07883085008339862,transformer,3,best_transformer_w3.pt
2025-12-19,2025-12-22,92.62,92.43,92.5333251953125,-0.08667480468750455,-0.0935810890601431,transformer,3,best_transformer_w3.pt
2025-12-22,2025-12-23,92.43,92.72,92.3106460571289,-0.11935394287110057,-0.1291290088403122,transformer,3,best_transformer_w3.pt
2025-12-23,2025-12-24,92.72,92.33,92.63970184326172,-0.08029815673828011,-0.08660284376432281,transformer,3,best_transformer_w3.pt
2025-12-24,2025-12-25,92.33,91.74,92.25736999511719,-0.0726300048828108,-0.07866349494509996,transformer,3,best_transformer_w3.pt
2025-12-25,2025-12-26,91.74,91.24,91.65509033203125,-0.08490966796874488,-0.09255468494522007,transformer,3,best_transformer_w3.pt
2025-12-26,2025-12-29,91.24,93.02,91.134033203125,-0.10596679687499488,-0.11614072432594794,transformer,3,best_transformer_w3.pt
2025-12-29,2025-12-30,93.02,95.19,92.95232391357422,-0.06767608642577727,-0.0727543393095864,transformer,3,best_transformer_w3.pt
2025-12-30,2025-12-31,95.19,94.5,95.12332153320312,-0.06667846679687273,-0.07004776425766648,transformer,3,best_transformer_w3.pt
2025-12-31,2026-01-05,94.5,93.71,94.44233703613281,-0.0576629638671875,-0.061019009383267195,transformer,3,best_transformer_w3.pt
2026-01-05,2026-01-06,93.71,92.72,93.59501647949219,-0.11498352050780625,-0.12270144115655347,transformer,3,best_transformer_w3.pt
2026-01-06,2026-01-07,92.72,96.17,92.61400604248047,-0.10599395751953011,-0.11431617506420418,transformer,3,best_transformer_w3.pt
2026-01-07,2026-01-08,96.17,95.19,96.03517150878906,-0.1348284912109392,-0.14019807758234293,transformer,3,best_transformer_w3.pt
2026-01-08,2026-01-09,95.19,96.08,95.0879898071289,-0.10201019287109148,-0.10716482074912435,transformer,3,best_transformer_w3.pt
2026-01-09,2026-01-12,96.08,98.15,95.9705810546875,-0.1094189453124983,-0.11388316539602238,transformer,3,best_transformer_w3.pt
2026-01-12,2026-01-13,98.15,97.55,98.04600524902344,-0.10399475097656818,-0.10595491693995739,transformer,3,best_transformer_w3.pt
2026-01-13,2026-01-14,97.55,98.44,97.49819946289062,-0.05180053710937216,-0.05310152445860806,transformer,3,best_transformer_w3.pt
2026-01-14,2026-01-15,98.44,97.16,98.35145568847656,-0.08854431152343523,-0.08994749240495249,transformer,3,best_transformer_w3.pt
2026-01-15,2026-01-16,97.16,103.87,97.11136627197266,-0.04863372802734034,-0.0500552985048789,transformer,3,best_transformer_w3.pt
2026-01-16,2026-01-19,103.87,104.36,103.41847229003906,-0.45152770996094205,-0.43470464037830175,transformer,3,best_transformer_w3.pt
2026-01-19,2026-01-20,104.36,102.68,104.01840209960938,-0.34159790039062443,-0.32732646645326224,transformer,3,best_transformer_w3.pt
2026-01-20,2026-01-21,102.68,103.57,102.47880554199219,-0.20119445800781932,-0.1959431807633612,transformer,3,best_transformer_w3.pt
2026-01-21,2026-01-22,103.57,102.09,103.53227996826172,-0.03772003173827443,-0.0364198433313454,transformer,3,best_transformer_w3.pt
2026-01-22,2026-01-23,102.09,99.63,102.02014923095703,-0.06985076904297216,-0.06842077484863567,transformer,3,best_transformer_w3.pt
2026-01-23,2026-01-26,99.63,97.16,99.52317810058594,-0.10682189941405795,-0.10721860826463712,transformer,3,best_transformer_w3.pt
2026-01-26,2026-01-27,97.16,100.71,97.0683364868164,-0.09166351318359034,-0.0943428501272029,transformer,3,best_transformer_w3.pt
2026-01-27,2026-01-28,100.71,103.08,100.67012023925781,-0.03987976074218125,-0.039598610606872454,transformer,3,best_transformer_w3.pt
2026-01-28,2026-01-29,103.08,104.66,103.0267333984375,-0.053266601562498295,-0.05167501121701426,transformer,3,best_transformer_w3.pt
2026-01-29,2026-01-30,104.66,103.08,104.56977844238281,-0.09022155761718409,-0.08620443112668076,transformer,3,best_transformer_w3.pt
2026-01-30,2026-02-02,103.08,102.88,103.01514434814453,-0.06485565185546704,-0.06291778410503206,transformer,3,best_transformer_w3.pt
2026-02-02,2026-02-03,102.88,102.49,102.82049560546875,-0.05950439453124545,-0.05783864165167715,transformer,3,best_transformer_w3.pt
2026-02-03,2026-02-04,102.49,100.51,102.42585754394531,-0.06414245605468238,-0.06258411167399978,transformer,3,best_transformer_w3.pt
2026-02-04,2026-02-05,100.51,97.65,100.39659118652344,-0.11340881347656762,-0.11283336332361717,transformer,3,best_transformer_w3.pt
2026-02-05,2026-02-06,97.65,96.27,97.39573669433594,-0.2542633056640682,-0.2603822894665317,transformer,3,best_transformer_w3.pt
2026-02-06,2026-02-09,96.27,97.65,96.16810607910156,-0.10189392089843352,-0.10584182081482656,transformer,3,best_transformer_w3.pt
2026-02-09,2026-02-10,97.65,96.47,97.46200561523438,-0.18799438476563068,-0.1925185711885619,transformer,3,best_transformer_w3.pt
2026-02-10,2026-02-11,96.47,97.26,96.37977600097656,-0.09022399902343636,-0.09352544731360668,transformer,3,best_transformer_w3.pt
2026-02-11,2026-02-12,97.26,97.46,97.19589233398438,-0.06410766601563012,-0.06591370143494768,transformer,3,best_transformer_w3.pt
2026-02-12,2026-02-13,97.46,94.99,97.38388061523438,-0.07611938476561875,-0.07810320620317951,transformer,3,best_transformer_w3.pt
2026-02-13,2026-02-23,94.99,93.21,94.47312927246094,-0.5168707275390574,-0.5441317270650147,transformer,3,best_transformer_w3.pt
2026-02-23,2026-02-24,93.21,91.24,92.74258422851562,-0.46741577148436875,-0.501465262830564,transformer,3,best_transformer_w3.pt
2026-02-24,2026-02-25,91.24,87.89,90.94462585449219,-0.2953741455078074,-0.3237331713150015,transformer,3,best_transformer_w3.pt
2026-02-25,2026-02-26,87.89,89.27,87.22300720214844,-0.6669927978515631,-0.7588949799198578,transformer,3,best_transformer_w3.pt
2026-02-26,2026-02-27,89.27,91.64,88.52171325683594,-0.7482867431640585,-0.8382286805915298,transformer,3,best_transformer_w3.pt
2026-02-27,2026-03-02,91.64,88.38,90.67941284179688,-0.9605871582031256,-1.0482181996978674,transformer,3,best_transformer_w3.pt
2026-03-02,2026-03-03,88.38,85.82,88.2904052734375,-0.08959472656249545,-0.10137443602907384,transformer,3,best_transformer_w3.pt
2026-03-03,2026-03-04,85.82,83.94,85.74605560302734,-0.07394439697264943,-0.08616219642583248,transformer,3,best_transformer_w3.pt
2026-03-04,2026-03-05,83.94,83.25,83.69718933105469,-0.24281066894531023,-0.28926693941542797,transformer,3,best_transformer_w3.pt
2026-03-05,2026-03-06,83.25,80.49,83.09678649902344,-0.1532135009765625,-0.18404024141328829,transformer,3,best_transformer_w3.pt
2026-03-06,2026-03-09,80.49,74.87,80.26388549804688,-0.22611450195311988,-0.2809224772681326,transformer,3,best_transformer_w3.pt
2026-03-09,2026-03-10,74.87,78.42,74.67903900146484,-0.1909609985351608,-0.25505676310292613,transformer,3,best_transformer_w3.pt
2026-03-10,2026-03-11,78.42,79.11,78.28239440917969,-0.1376055908203142,-0.17547257181881434,transformer,3,best_transformer_w3.pt
2026-03-11,2026-03-12,79.11,76.64,78.99212646484375,-0.11787353515624943,-0.14899953881462447,transformer,3,best_transformer_w3.pt
2026-03-12,2026-03-13,76.64,75.95,76.40388488769531,-0.23611511230468807,-0.3080833928818999,transformer,3,best_transformer_w3.pt
2026-03-13,2026-03-16,75.95,77.14,75.87590026855469,-0.07409973144531534,-0.09756383337105377,transformer,3,best_transformer_w3.pt
2026-03-16,2026-03-17,77.14,78.32,77.05523681640625,-0.08476318359375057,-0.10988227066859031,transformer,3,best_transformer_w3.pt
2026-03-17,2026-03-18,78.32,77.53,78.23217010498047,-0.08782989501952443,-0.11214235829867779,transformer,3,best_transformer_w3.pt
2026-03-18,2026-03-19,77.53,75.76,77.46354675292969,-0.06645324707031364,-0.08571294604709613,transformer,3,best_transformer_w3.pt
2026-03-19,2026-03-20,75.76,73.59,75.57815551757812,-0.18184448242188012,-0.24002703593173194,transformer,3,best_transformer_w3.pt
2026-03-20,2026-03-23,73.59,72.11,73.11006164550781,-0.4799383544921909,-0.6521787668055319,transformer,3,best_transformer_w3.pt
2026-03-23,2026-03-24,72.11,74.37,71.94331359863281,-0.16668640136718693,-0.23115573619080146,transformer,3,best_transformer_w3.pt
2026-03-24,2026-03-25,74.37,75.95,74.13078308105469,-0.23921691894531705,-0.32165781759488643,transformer,3,best_transformer_w3.pt
2026-03-25,2026-03-26,75.95,73.19,75.79460144042969,-0.15539855957031534,-0.2046063983809287,transformer,3,best_transformer_w3.pt
2026-03-26,2026-03-27,73.19,75.07,73.04103088378906,-0.14896911621093523,-0.20353752727276297,transformer,3,best_transformer_w3.pt
2026-03-27,2026-03-30,75.07,72.99,74.98805236816406,-0.08194763183593068,-0.10916162493130503,transformer,3,best_transformer_w3.pt
2026-03-30,2026-03-31,72.99,73.68,72.90834045410156,-0.08165954589843238,-0.11187771735639455,transformer,3,best_transformer_w3.pt
2026-03-31,2026-04-01,73.68,74.28,73.59442138671875,-0.08557861328125682,-0.11614904082689577,transformer,3,best_transformer_w3.pt
2026-04-01,2026-04-02,74.28,73.68,74.147216796875,-0.13278320312500114,-0.17876037038906992,transformer,3,best_transformer_w3.pt
2026-04-02,2026-04-03,73.68,72.99,73.58831787109375,-0.09168212890625682,-0.12443285682173834,transformer,3,best_transformer_w3.pt
2026-04-03,2026-04-06,72.99,72.89,72.8816909790039,-0.10830902099608863,-0.14838884915206008,transformer,3,best_transformer_w3.pt
2026-04-06,2026-04-07,72.89,72.99,72.80160522460938,-0.08839477539062557,-0.12127147124519902,transformer,3,best_transformer_w3.pt
2026-04-07,2026-04-08,72.99,78.02,72.88538360595703,-0.10461639404296363,-0.14332976304009268,transformer,3,best_transformer_w3.pt
2026-04-08,2026-04-09,78.02,77.24,77.70350646972656,-0.3164935302734335,-0.4056569216526962,transformer,3,best_transformer_w3.pt
2026-04-09,2026-04-10,77.24,76.64,77.0601806640625,-0.17981933593749488,-0.23280597609722278,transformer,3,best_transformer_w3.pt
2026-04-10,2026-04-13,76.64,74.97,76.47732543945312,-0.16267456054687557,-0.21225803829185227,transformer,3,best_transformer_w3.pt
2026-04-13,2026-04-14,74.97,75.16,74.80794525146484,-0.1620547485351551,-0.21615946183160614,transformer,3,best_transformer_w3.pt
2026-04-14,2026-04-15,75.16,74.08,75.05523681640625,-0.10476318359374659,-0.13938688610131267,transformer,3,best_transformer_w3.pt
2026-04-15,2026-04-16,74.08,73.09,73.95056915283203,-0.12943084716796704,-0.17471766626345445,transformer,3,best_transformer_w3.pt
2026-04-16,2026-04-17,73.09,74.97,72.93867492675781,-0.1513250732421909,-0.20703936686576946,transformer,3,best_transformer_w3.pt
2026-04-17,2026-04-20,74.97,75.85,74.87763214111328,-0.09236785888671761,-0.12320642775339151,transformer,3,best_transformer_w3.pt
2026-04-20,2026-04-21,75.85,74.08,75.76778411865234,-0.08221588134765057,-0.10839272425530729,transformer,3,best_transformer_w3.pt
2026-04-21,2026-04-22,74.08,73.59,73.96577453613281,-0.1142254638671858,-0.15419204085743224,transformer,3,best_transformer_w3.pt
2026-04-22,2026-04-23,73.59,73.29,73.47589111328125,-0.11410888671875341,-0.1550603162369254,transformer,3,best_transformer_w3.pt
2026-04-23,2026-04-24,73.29,72.4,73.19549560546875,-0.09450439453125625,-0.12894582416599298,transformer,3,best_transformer_w3.pt
2026-04-24,2026-04-28,72.4,73.39,72.25390625,-0.14609375000000568,-0.20178694751381998,transformer,3,best_transformer_w3.pt
2026-04-28,2026-04-29,73.39,74.47,73.29093933105469,-0.09906066894531307,-0.13497842886675715,transformer,3,best_transformer_w3.pt
2026-04-29,2026-05-04,74.47,72.7,74.39805603027344,-0.07194396972656136,-0.09660798942736856,transformer,3,best_transformer_w3.pt
2026-05-04,2026-05-05,72.7,73.29,72.60400390625,-0.09599609375000284,-0.1320441454608017,transformer,3,best_transformer_w3.pt
2026-05-05,2026-05-06,73.29,72.3,73.2171630859375,-0.07283691406250625,-0.09938179023401042,transformer,3,best_transformer_w3.pt
2026-05-06,2026-05-07,72.3,72.01,72.16339874267578,-0.1366012573242159,-0.18893673212201373,transformer,3,best_transformer_w3.pt
2026-05-07,2026-05-08,72.01,70.92,71.8681411743164,-0.14185882568359887,-0.19699878584029834,transformer,3,best_transformer_w3.pt
2026-05-08,2026-05-11,70.92,69.05,70.74982452392578,-0.17017547607422046,-0.2399541399805703,transformer,3,best_transformer_w3.pt
2026-05-11,2026-05-12,69.05,69.64,68.83173370361328,-0.2182662963867159,-0.3160989085977059,transformer,3,best_transformer_w3.pt
2026-05-12,2026-05-13,69.64,69.74,69.53109741210938,-0.10890258789062557,-0.15637936227832505,transformer,3,best_transformer_w3.pt
2026-05-13,2026-05-14,69.74,72.89,69.55036926269531,-0.18963073730468238,-0.27191100846670835,transformer,3,best_transformer_w3.pt
2026-05-14,2026-05-15,72.89,71.91,72.4858169555664,-0.4041830444335943,-0.5545109678057268,transformer,3,best_transformer_w3.pt
2026-05-15,2026-05-18,71.91,73.88,71.67501831054688,-0.2349816894531216,-0.3267719224768761,transformer,3,best_transformer_w3.pt
2026-05-18,2026-05-19,73.88,73.49,73.49578094482422,-0.3842190551757767,-0.5200582771734932,transformer,3,best_transformer_w3.pt
2026-05-19,2026-05-20,73.49,76.64,73.23756408691406,-0.2524359130859324,-0.3434969561653727,transformer,3,best_transformer_w3.pt
2026-05-20,2026-05-21,76.64,75.46,76.24119567871094,-0.39880432128906307,-0.5203605444794663,transformer,3,best_transformer_w3.pt
2026-05-21,2026-05-22,75.46,74.08,75.11420440673828,-0.3457955932617125,-0.45825018985119603,transformer,3,best_transformer_w3.pt
2026-05-22,2026-05-25,74.08,72.5,73.72065734863281,-0.3593426513671858,-0.4850737734438253,transformer,3,best_transformer_w3.pt
2026-05-25,2026-05-26,72.5,73.49,72.41543579101562,-0.084564208984375,-0.11664028825431035,transformer,3,best_transformer_w3.pt
2026-05-26,2026-05-27,73.49,72.6,73.40628814697266,-0.08371185302733863,-0.11390917543521384,transformer,3,best_transformer_w3.pt
2026-05-27,2026-05-28,72.6,71.2,72.45153045654297,-0.14846954345702557,-0.20450350338433276,transformer,3,best_transformer_w3.pt
2026-05-28,2026-05-29,71.2,71.6,71.02494812011719,-0.17505187988281534,-0.24585938185788672,transformer,3,best_transformer_w3.pt
2026-05-29,2026-06-01,71.6,72.9,71.53376770019531,-0.06623229980468182,-0.09250321201771204,transformer,3,best_transformer_w3.pt
2026-06-01,2026-06-02,72.9,74.8,72.78724670410156,-0.11275329589844318,-0.15466844430513466,transformer,3,best_transformer_w3.pt
2026-06-02,2026-06-03,74.8,76.5,74.36859130859375,-0.43140869140624716,-0.576749587441507,transformer,3,best_transformer_w3.pt
2026-06-03,2026-06-04,76.5,76.1,75.94993591308594,-0.5500640869140625,-0.7190380221098855,transformer,3,best_transformer_w3.pt
2026-06-04,2026-06-05,76.1,75.0,75.86408996582031,-0.23591003417968182,-0.310000044914168,transformer,3,best_transformer_w3.pt
2026-06-05,2026-06-08,75.0,72.9,74.6415786743164,-0.35842132568359375,-0.4778951009114583,transformer,3,best_transformer_w3.pt
2026-06-08,2026-06-09,72.9,73.7,72.8006591796875,-0.09934082031250568,-0.13626998671125606,transformer,3,best_transformer_w3.pt
2026-06-09,2026-06-10,73.7,74.2,73.62747192382812,-0.07252807617187784,-0.09840987268911511,transformer,3,best_transformer_w3.pt
2026-06-10,2026-06-11,74.2,73.1,74.10894775390625,-0.09105224609375284,-0.12271192195923562,transformer,3,best_transformer_w3.pt
2026-06-11,2026-06-12,73.1,73.5,72.99851989746094,-0.10148010253905682,-0.13882366968407225,transformer,3,best_transformer_w3.pt
2026-06-12,2026-06-15,73.5,73.6,73.36837005615234,-0.13162994384765625,-0.17908835897640307,transformer,3,best_transformer_w3.pt
2026-06-15,2026-06-16,73.6,73.2,73.4784927368164,-0.12150726318358807,-0.1650913901950925,transformer,3,best_transformer_w3.pt
2026-06-16,2026-06-17,73.2,72.3,73.10104370117188,-0.09895629882812784,-0.1351862005848741,transformer,3,best_transformer_w3.pt
2026-06-17,2026-06-18,72.3,71.6,72.1090087890625,-0.19099121093749716,-0.2641648837309781,transformer,3,best_transformer_w3.pt
2026-06-18,2026-06-19,71.6,71.5,71.35686492919922,-0.24313507080077557,-0.3395741212301335,transformer,3,best_transformer_w3.pt
2026-06-19,2026-06-22,71.5,70.6,71.35124206542969,-0.1487579345703125,-0.2080530553430944,transformer,3,best_transformer_w3.pt
2026-06-22,2026-06-23,70.6,70.8,70.50799560546875,-0.09200439453124432,-0.1303178392793829,transformer,3,best_transformer_w3.pt
2026-06-23,2026-06-24,70.8,70.8,70.67359924316406,-0.12640075683593466,-0.17853214242363652,transformer,3,best_transformer_w3.pt
2026-06-24,2026-06-25,70.8,71.0,70.69499206542969,-0.10500793457030966,-0.1483162917659741,transformer,3,best_transformer_w3.pt
2026-06-25,2026-06-26,71.0,70.8,70.88492584228516,-0.11507415771484375,-0.1620762784716109,transformer,3,best_transformer_w3.pt
2026-06-26,2026-06-29,70.8,70.4,70.71560668945312,-0.08439331054687216,-0.11919959116789852,transformer,3,best_transformer_w3.pt
2026-06-29,2026-06-30,70.4,70.2,70.2896728515625,-0.11032714843750568,-0.15671469948509328,transformer,3,best_transformer_w3.pt
2026-06-30,2026-07-01,70.2,72.9,70.06478118896484,-0.1352188110351591,-0.19261938893897307,transformer,3,best_transformer_w3.pt
2026-07-01,2026-07-02,72.9,72.5,72.701904296875,-0.19809570312500568,-0.2717362182784714,transformer,3,best_transformer_w3.pt
2026-07-02,2026-07-03,72.5,72.3,72.38513946533203,-0.11486053466796875,-0.1584283236799569,transformer,3,best_transformer_w3.pt
2026-07-03,2026-07-06,72.3,73.0,72.16403198242188,-0.13596801757812216,-0.18806088185079137,transformer,3,best_transformer_w3.pt
2026-07-06,2026-07-07,73.0,73.2,72.82726287841797,-0.17273712158203125,-0.23662619394798803,transformer,3,best_transformer_w3.pt
2026-07-07,2026-07-08,73.2,72.1,73.11648559570312,-0.08351440429687784,-0.11409071625256535,transformer,3,best_transformer_w3.pt
2026-07-08,2026-07-09,72.1,72.1,71.9512939453125,-0.14870605468749432,-0.20624972910886868,transformer,3,best_transformer_w3.pt
2026-07-09,2026-07-10,72.1,70.6,72.01431274414062,-0.08568725585936932,-0.11884501506153858,transformer,3,best_transformer_w3.pt
2026-07-10,2026-07-13,70.6,70.5,70.45519256591797,-0.14480743408202557,-0.20510968000286908,transformer,3,best_transformer_w3.pt
